{"extensionType":"field_faas","i18nMap":{"zh-CN":{"bonusBefore":"选择税前年终奖字段","salaryBefore":"选择税前工资（月）字段","monthSocialInsurance":"选择个人社保公积金合计（月）字段","monthZxfjkchj":"选择专项附加扣除合计（月）字段","requireDesc":"必选项，需要选择多维表中「年终奖」列","desc":"批量优化年终奖个税，让员工多拿钱"},"en-US":{"bonusBefore":"select field of before tax year-end bonus","salaryBefore":"select field of before tax salary (month)","monthSocialInsurance":"select field of total personal social security and housing fund (monthly)","monthZxfjkchj":"select field of total special additional deductions (monthly)","requireDesc":"required option, you need to select the \"year-end bonus\" column in the table","desc":"optimizing year-end bonus and tax, allowing employees to receive more money"},"ja-JP":{}},"fields":[{"fieldType":25,"uiSchema":{"fieldsConfigEditor":{"component":"OpenFieldMetaEditor","props":{"schema":{"items":[{"key":"bonusBefore","label":"${{bonusBefore}}","tooltips":[{"type":"text","content":"仅支持数字、文本字段"}],"component":"FieldSelect","props":{"supportType":[2,1]},"validator":{"required":true}},{"key":"salaryBefore","label":"${{salaryBefore}}","component":"FieldSelect","tooltips":[{"type":"text","content":"仅支持数字、文本字段"}],"props":{"supportType":[2,1]},"validator":{"required":false}},{"key":"monthSocialInsurance","label":"${{monthSocialInsurance}}","component":"FieldSelect","tooltips":[{"type":"text","content":"仅支持数字、文本字段"}],"props":{"supportType":[2,1]},"validator":{"required":false}},{"key":"monthZxfjkchj","label":"${{monthZxfjkchj}}","component":"FieldSelect","tooltips":[{"type":"text","content":"仅支持数字、文本字段"}],"props":{"supportType":[2,1]},"validator":{"required":true}},{"key":"monthZxfjkchj","label":"${{monthZxfjkchj}}","component":"FieldSelect","tooltips":[{"type":"text","content":"仅支持数字、文本字段"}],"props":{"supportType":[2,1]},"validator":{"required":false}},{"key":"select","label":"注：选择字段越多，计算越精准👉🏻 ","tooltips":[{"type":"link","text":"点击了解：如何计算最优年终奖","link":"https://yygongzi.feishu.cn/wiki/X2EEwAEKeizdI8kCNCJcFrdQnX7"}],"component":"Radio","props":{"options":[]},"defaultValue":"1","validator":{"required":true}}]}}}},"presetFieldConfig":{"fieldProperty":{"propertyType":25,"icon":{"light":"https://lf3-static.bytednsdoc.com/obj/eden-cn/abjayvoz/ljhwZthlaukjlkulzlp/2024H2/more/tax/tax2.png"},"properties":[{"key":"bonusInSalary","title":"转入工资发放的年终奖","propertyType":1},{"key":"bonusAfter","title":"调整后应发的年终奖","propertyType":1},{"key":"salaryTaxAfter","title":"调整后的工资缴税（年）","propertyType":1},{"key":"bonusTaxAfter","title":"调整后的年终奖繳税","propertyType":1},{"key":"primaryProperty","title":"节省个税","propertyType":1},{"key":"id","title":"节省个税","propertyType":1,"hidden":true}]},"externalEditorConfig":{}}}]}